accuracy,loss,val_accuracy,val_loss
0.779296875,0.663644552230835,0.769817054271698,0.49821922183036804
0.7890625,0.488118439912796,0.8333333134651184,0.45676517486572266
0.802734375,0.4812982380390167,0.769817054271698,0.48881441354751587
0.78515625,0.46986374258995056,0.769817054271698,0.4723518192768097
0.767578125,0.4727150499820709,0.8333333134651184,0.4348776638507843
