accuracy,loss,val_accuracy,val_loss
0.521484375,1.0033842325210571,0.5394999980926514,0.9973422884941101
0.505859375,1.0009726285934448,0.5394999980926514,0.9994553923606873
0.51953125,0.999761700630188,0.5394999980926514,0.9985697865486145
0.5390625,0.9988590478897095,0.5394999980926514,0.9949723482131958
0.521484375,0.9979014992713928,0.5394999980926514,0.9937982559204102
